pos,A,C,G,T
0,-0.0,-0.0,-0.0017247200012207,-0.0
1,0.0,0.0,0.0335571765899658,0.0
2,0.0,0.0,0.0300262570381164,0.0
3,0.0,0.0,0.0127482414245605,0.0
4,0.0,0.0,0.0003370642662048,0.0
5,0.0,0.0,0.0100824832916259,0.0
6,0.0077555179595947,0.0,0.0,0.0
7,-0.0,-0.0005035996437072,-0.0,-0.0
8,0.0,0.0,0.0,0.0047810673713684
9,0.0061173439025878,0.0,0.0,0.0
10,0.0,0.0034853219985961,0.0,0.0
11,0.0,0.0,0.0,0.00459885597229
12,0.0,0.0,0.0212975740432739,0.0
13,0.0,0.0,0.0,0.0057239532470703
14,0.0077677965164184,0.0,0.0,0.0
15,0.0,0.0,0.0,0.0063614845275878
16,0.0,0.0,0.0,0.0036519169807434
17,-0.0010989904403686,-0.0,-0.0,-0.0
18,-0.0,-0.0,-0.0,-0.0095579624176025
19,-0.0150613784790039,-0.0,-0.0,-0.0
20,0.0022132396697998,0.0,0.0,0.0
21,0.0025112628936767,0.0,0.0,0.0
22,-0.0069796442985534,-0.0,-0.0,-0.0
23,0.053841233253479,0.0,0.0,0.0
24,0.0,0.1087758541107177,0.0,0.0
25,0.0,0.0,0.0,0.2701576352119446
26,0.154613971710205,0.0,0.0,0.0
27,0.1469355225563049,0.0,0.0,0.0
28,0.0,0.0,0.0,0.1737479567527771
29,-0.0029922127723693,-0.0,-0.0,-0.0
30,0.0133941769599914,0.0,0.0,0.0
31,0.0,0.0,0.0,0.0345655679702758
32,0.0,0.0,0.0,0.0947067141532898
33,0.0,0.0,0.006862461566925,0.0
34,0.0,0.0,0.0,0.2149061560630798
35,0.0,0.0276395082473754,0.0,0.0
36,0.0,0.0,0.0,0.189431607723236
37,0.0,0.0,0.0,0.1834883689880371
38,0.0,0.0794246792793273,0.0,0.0
39,0.0,0.0,0.0,0.2616640329360962
40,0.0,0.0,0.0,0.2407630681991577
41,0.0,0.0,0.0,0.2626492977142334
42,0.0,0.0,0.0,0.3514275550842285
43,0.0,0.144053041934967,0.0,0.0
44,0.0,0.0,0.0,0.3162224888801575
45,0.0,0.098494291305542,0.0,0.0
46,0.0,0.1321682929992675,0.0,0.0
47,0.0,0.1579613089561462,0.0,0.0
48,0.0,0.074430227279663,0.0,0.0
49,0.0,0.0,0.0,0.197779893875122
50,0.0,0.0,0.0,0.3498157858848572
51,-0.0,-0.0,-0.0,-0.0265216827392578
52,0.1539197564125061,0.0,0.0,0.0
53,0.6580616235733032,0.0,0.0,0.0
54,0.0,0.0,0.6580590009689331,0.0
55,-0.0,-0.0,-0.0,-0.0201998353004455
56,0.0,0.0,0.2097371220588684,0.0
57,0.0,0.0,0.1496369838714599,0.0
58,0.0202451944351196,0.0,0.0,0.0
59,0.0,0.083219289779663,0.0,0.0
60,0.0,0.0,0.0798410773277282,0.0
61,0.0,0.0849325656890869,0.0,0.0
62,0.0,0.0,0.0448619127273559,0.0
63,0.0,0.0022673606872558,0.0,0.0
64,0.0,0.1037662029266357,0.0,0.0
65,-0.0,-0.0,-0.0,-0.0035041570663452
66,0.0,0.0,0.0,0.0234454274177551
67,0.0,0.268629789352417,0.0,0.0
68,0.0878098607063293,0.0,0.0,0.0
69,0.1693262457847595,0.0,0.0,0.0
70,0.0,0.0,0.4318645596504211,0.0
71,0.3212564587593078,0.0,0.0,0.0
72,0.1328661441802978,0.0,0.0,0.0
73,0.0,0.0,0.4233521223068237,0.0
74,0.155480682849884,0.0,0.0,0.0
75,-0.0245100855827331,-0.0,-0.0,-0.0
76,-0.0302183628082275,-0.0,-0.0,-0.0
77,-0.0,-0.0,-0.0,-0.0791082978248596
78,-0.0663379430770874,-0.0,-0.0,-0.0
79,0.0,0.0,0.0061071515083312,0.0
80,0.1492195725440979,0.0,0.0,0.0
81,-0.0,-0.0,-0.0,-0.0162703394889831
82,0.0,0.2494542598724365,0.0,0.0
83,0.0082154273986816,0.0,0.0,0.0
84,0.0,0.0,0.0,0.0213913917541503
85,0.0,0.3336989283561706,0.0,0.0
86,0.0,0.0,0.0,0.039332628250122
87,-0.0,-0.0,-0.0087050199508667,-0.0
88,-0.0,-0.0,-0.0456557869911193,-0.0
89,-0.0,-0.0,-0.0,-0.0792798995971679
90,0.0,0.0,0.6124476194381714,0.0
91,0.0,0.0,0.653088390827179,0.0
92,0.0,0.0,0.0,0.6322194933891296
93,0.6526737809181213,0.0,0.0,0.0
94,0.5070254802703857,0.0,0.0,0.0
95,0.0,0.0,0.0,0.152055025100708
96,0.0888295173645019,0.0,0.0,0.0
97,0.0,0.0575387477874755,0.0,0.0
98,0.0131281018257141,0.0,0.0,0.0
99,-0.0,-0.0,-0.0694071650505065,-0.0
100,0.0,0.0,0.0,0.1349950432777404
101,0.0,0.0,0.0,0.1105856895446777
102,0.0,0.0,0.0,0.2026298642158508
103,0.0,0.0,0.0,0.1829903125762939
104,0.0,0.0,0.0,0.1618116497993469
105,0.0,0.0,0.0,0.1192970275878906
106,-0.0,-0.0,-0.0545029640197753,-0.0
107,0.0,0.0257852673530578,0.0,0.0
108,0.0,0.0,0.0,0.0769691467285156
109,0.0,0.0139854550361633,0.0,0.0
110,0.0,0.0,0.0,0.0830001831054687
111,0.0,0.0,0.0,0.0939152836799621
112,0.0,0.0,0.0,0.0694732069969177
113,-0.0,-0.0,-0.0,-0.0097290873527526
114,-0.0081828832626342,-0.0,-0.0,-0.0
115,0.0058553218841552,0.0,0.0,0.0
116,0.0,0.0,0.0,0.0189650654792785
117,0.0,0.0235126018524169,0.0,0.0
118,-0.0,-0.0,-0.0171202421188354,-0.0
119,-0.0042497515678405,-0.0,-0.0,-0.0
120,0.0,0.0,0.0,0.0190038681030273
121,-0.0003263354301452,-0.0,-0.0,-0.0
122,-0.0104856491088867,-0.0,-0.0,-0.0
123,0.0017966628074645,0.0,0.0,0.0
124,0.0,0.0,0.0,0.0210057497024536
125,0.0,0.0,0.0,0.0190151333808898
126,0.0,0.0,0.0,0.0107002258300781
127,0.0,0.0,0.0,0.0104405879974365
128,-0.0,-0.010646104812622,-0.0,-0.0
